WE_41B884,youssef,STUDBME2,CMP_LAB3,El-modarag,STUDBME1,CMP_LAB4,CMP_LAB2,ARC3,Sbme-Staff,CMP_LAB1,El-lab,Mo_Hamza,Farouk,RehabLab,Gamil,TP-Link_463C,redmi,ARC1,target
-65,-100,-56,-100,-100,-74,-100,-100,-100,-100,-100,-48,-70,-100,-100,-100,-100,-100,-100,12
-82,-77,-79,-100,-75,-66,-100,-83,-100,-100,-100,-100,-100,-100,-100,-100,-100,-100,-100,8
-51,-100,-52,-100,-100,-46,-100,-100,-100,-100,-100,-70,-100,-100,-84,-87,-100,-100,-100,9
-57,-100,-59,-100,-100,-100,-47,-100,-100,-100,-45,-100,-100,-59,-100,-100,-100,-100,-100,11
-73,-80,-69,-100,-71,-100,-100,-100,-100,-100,-100,-100,-100,-100,-100,-100,-100,-100,-100,7
-72,-100,-74,-100,-80,-68,-100,-100,-78,-100,-100,-100,-100,-100,-100,-100,-100,-100,-100,6
-44,-91,-48,-100,-100,-59,-54,-100,-100,-100,-100,-100,-100,-100,-100,-100,-100,-100,-100,9
-68,-75,-68,-72,-75,-69,-100,-100,-100,-100,-72,-100,-100,-100,-100,-77,-100,-100,-100,8
-67,-100,-71,-100,-65,-49,-100,-100,-100,-100,-100,-100,-100,-100,-100,-65,-100,-100,-100,5
-53,-100,-48,-56,-100,-100,-100,-100,-100,-100,-100,-100,-100,-57,-100,-100,-100,-100,-100,10
-59,-100,-66,-73,-100,-100,-100,-100,-100,-100,-100,-45,-60,-100,-100,-100,-100,-100,-100,12
-55,-73,-65,-70,-69,-54,-100,-100,-100,-100,-65,-100,-100,-100,-100,-100,-100,-100,-100,7
-69,-100,-63,-100,-73,-46,-85,-100,-63,-83,-100,-100,-100,-100,-100,-59,-100,-100,-79,5
-49,-79,-53,-100,-100,-50,-57,-59,-100,-100,-100,-100,-100,-66,-100,-88,-100,-100,-100,9
-81,-67,-74,-84,-70,-67,-100,-100,-100,-100,-86,-100,-100,-100,-100,-90,-100,-100,-100,8
-39,-100,-43,-61,-100,-55,-63,-62,-100,-100,-100,-74,-100,-73,-100,-100,-100,-100,-100,9
-89,-64,-82,-79,-71,-72,-100,-79,-100,-100,-100,-100,-100,-100,-100,-82,-100,-100,-100,8
-55,-100,-57,-100,-100,-69,-100,-100,-100,-100,-100,-100,-100,-54,-60,-100,-100,-100,-100,11
-64,-100,-58,-76,-100,-100,-100,-100,-100,-100,-100,-54,-64,-100,-100,-100,-100,-100,-100,13
-37,-100,-47,-54,-100,-57,-54,-100,-100,-100,-100,-100,-100,-70,-100,-100,-100,-100,-100,9
-45,-100,-45,-53,-100,-57,-54,-100,-100,-100,-100,-100,-100,-100,-100,-100,-100,-100,-100,9
-47,-100,-51,-56,-100,-100,-100,-100,-100,-100,-55,-69,-100,-75,-100,-100,-100,-100,-100,9
-51,-100,-49,-100,-100,-100,-100,-100,-100,-100,-100,-100,-100,-100,-100,-100,-100,-100,-100,13
-66,-100,-52,-100,-100,-100,-100,-100,-100,-100,-74,-49,-65,-100,-100,-100,-100,-100,-100,12
-58,-100,-55,-39,-100,-60,-100,-39,-100,-100,-41,-100,-100,-100,-70,-100,-100,-100,-100,11
-65,-86,-69,-77,-100,-67,-100,-100,-81,-100,-100,-100,-100,-100,-100,-100,-100,-100,-100,6
-60,-100,-55,-74,-100,-100,-100,-75,-100,-100,-75,-56,-100,-100,-100,-100,-100,-100,-100,13
-73,-89,-81,-100,-85,-100,-100,-100,-77,-100,-100,-100,-100,-100,-100,-100,-96,-100,-100,6
-68,-100,-53,-100,-100,-75,-100,-69,-100,-100,-100,-50,-72,-100,-100,-100,-100,-100,-100,12
-69,-89,-66,-100,-77,-100,-100,-100,-80,-100,-100,-100,-100,-100,-100,-100,-100,-100,-100,6
-60,-100,-59,-50,-100,-72,-49,-51,-100,-100,-49,-100,-76,-44,-78,-100,-100,-100,-100,11
-55,-100,-47,-100,-100,-71,-100,-42,-100,-100,-41,-100,-71,-56,-100,-100,-100,-100,-100,11
-63,-81,-70,-100,-100,-58,-100,-72,-100,-100,-73,-100,-100,-100,-100,-100,-100,-100,-100,7
-68,-100,-63,-72,-100,-100,-72,-100,-100,-100,-73,-49,-70,-100,-100,-100,-100,-100,-100,12
-56,-80,-57,-100,-100,-51,-100,-100,-100,-100,-100,-100,-100,-100,-100,-100,-100,-100,-100,7
-58,-100,-58,-100,-100,-58,-100,-100,-100,-100,-100,-100,-100,-57,-75,-100,-100,-100,-100,10
-74,-85,-70,-73,-77,-70,-100,-100,-100,-100,-100,-100,-100,-100,-100,-100,-95,-100,-100,6
-71,-73,-65,-76,-72,-100,-100,-100,-100,-100,-100,-100,-100,-100,-100,-100,-100,-100,-100,8
-74,-80,-74,-79,-100,-65,-78,-78,-100,-100,-100,-100,-100,-100,-100,-100,-100,-100,-100,8
-44,-89,-49,-100,-100,-51,-100,-64,-100,-100,-100,-100,-100,-100,-100,-100,-100,-100,-100,9
-41,-90,-53,-58,-100,-62,-60,-60,-100,-100,-100,-100,-100,-66,-77,-100,-100,-100,-100,9
-87,-94,-81,-100,-86,-100,-100,-100,-100,-100,-100,-100,-100,-100,-100,-100,-93,-100,-100,6
-52,-100,-49,-100,-100,-100,-100,-52,-100,-100,-100,-100,-100,-66,-69,-100,-100,-100,-100,10
-67,-100,-56,-100,-100,-100,-100,-78,-100,-100,-77,-49,-69,-84,-100,-100,-100,-100,-100,12
-64,-100,-54,-100,-66,-49,-100,-100,-65,-100,-100,-100,-100,-100,-100,-70,-100,-100,-100,5
-66,-77,-67,-100,-71,-70,-79,-100,-100,-100,-100,-100,-100,-100,-100,-100,-100,-100,-100,8
-47,-100,-53,-100,-69,-100,-60,-100,-74,-100,-100,-100,-100,-100,-100,-100,-100,-100,-100,7
-73,-100,-72,-100,-100,-100,-100,-100,-100,-100,-100,-45,-100,-100,-100,-100,-100,-100,-100,12
-59,-100,-56,-100,-100,-100,-100,-100,-100,-100,-76,-58,-61,-100,-100,-100,-100,-100,-100,13
-77,-82,-70,-100,-73,-100,-75,-100,-100,-100,-75,-100,-100,-100,-100,-100,-100,-100,-100,8
-65,-100,-55,-100,-100,-100,-100,-75,-100,-100,-100,-67,-69,-81,-100,-100,-100,-100,-100,12
-59,-100,-53,-100,-100,-100,-48,-100,-100,-100,-100,-100,-79,-55,-71,-100,-100,-100,-100,11
-72,-88,-75,-100,-100,-64,-100,-100,-75,-100,-100,-100,-100,-100,-100,-100,-100,-100,-100,6
-80,-92,-75,-100,-71,-46,-77,-100,-61,-77,-100,-100,-100,-100,-100,-100,-100,-100,-83,5
-66,-100,-100,-73,-65,-44,-100,-73,-100,-100,-71,-100,-100,-100,-100,-74,-100,-100,-100,5
-43,-100,-47,-100,-100,-56,-51,-50,-100,-100,-51,-72,-100,-100,-100,-100,-100,-100,-100,9
-79,-100,-100,-100,-86,-75,-100,-100,-100,-100,-100,-100,-100,-100,-100,-100,-100,-100,-100,6
-60,-100,-56,-100,-100,-66,-100,-51,-100,-100,-100,-100,-100,-55,-66,-100,-100,-100,-100,11
-74,-64,-79,-81,-76,-72,-100,-100,-100,-100,-100,-100,-100,-100,-100,-100,-100,-100,-100,8
-42,-100,-49,-100,-100,-51,-68,-100,-100,-100,-100,-100,-100,-100,-100,-100,-100,-100,-100,9
-67,-81,-73,-100,-83,-68,-100,-100,-100,-100,-100,-100,-100,-100,-100,-100,-100,-100,-100,6
-52,-83,-48,-100,-100,-55,-100,-63,-100,-100,-62,-83,-100,-69,-100,-100,-100,-100,-100,9
-63,-100,-56,-69,-100,-100,-72,-69,-100,-100,-70,-52,-60,-100,-100,-100,-100,-100,-100,13
-56,-78,-64,-100,-100,-48,-100,-100,-79,-100,-100,-100,-100,-100,-100,-100,-100,-100,-100,7
-67,-100,-56,-100,-100,-100,-100,-100,-100,-100,-100,-44,-62,-90,-100,-100,-100,-100,-100,12
-65,-82,-64,-100,-70,-43,-100,-100,-73,-100,-100,-100,-100,-100,-84,-68,-100,-100,-100,5
-44,-89,-46,-57,-100,-66,-100,-57,-100,-100,-57,-69,-100,-65,-86,-100,-100,-100,-100,9
-64,-100,-56,-100,-74,-44,-100,-100,-69,-100,-100,-100,-100,-100,-100,-100,-100,-100,-100,7
-62,-93,-57,-100,-66,-44,-100,-100,-68,-75,-100,-100,-100,-100,-100,-61,-100,-100,-100,5
-46,-100,-48,-58,-100,-56,-55,-100,-100,-100,-100,-69,-100,-59,-74,-100,-100,-100,-100,9
-51,-100,-47,-100,-100,-64,-100,-100,-100,-100,-46,-65,-72,-60,-100,-100,-100,-100,-100,10
-76,-93,-70,-100,-59,-48,-100,-83,-65,-100,-82,-100,-100,-100,-100,-72,-100,-100,-100,5
-73,-77,-71,-100,-74,-69,-100,-100,-100,-100,-82,-100,-100,-100,-100,-100,-100,-100,-100,8
-76,-75,-72,-100,-71,-71,-100,-100,-100,-100,-100,-100,-100,-100,-100,-100,-100,-100,-100,8
-63,-100,-54,-100,-100,-100,-100,-100,-100,-100,-100,-55,-77,-100,-100,-100,-100,-100,-100,13
-73,-100,-60,-100,-100,-100,-100,-100,-100,-100,-100,-46,-100,-100,-100,-100,-100,-100,-100,12
-65,-100,-70,-100,-100,-43,-100,-100,-100,-100,-100,-100,-100,-100,-100,-64,-100,-100,-100,5
-83,-73,-73,-100,-77,-72,-73,-100,-100,-100,-100,-100,-100,-100,-100,-100,-100,-100,-100,8
-51,-100,-57,-100,-100,-69,-100,-49,-100,-100,-47,-100,-100,-71,-56,-100,-100,-100,-100,11
-68,-77,-70,-76,-79,-100,-100,-100,-100,-100,-100,-100,-100,-100,-100,-100,-100,-100,-100,6
-47,-82,-47,-63,-100,-50,-100,-63,-100,-100,-100,-100,-100,-68,-100,-100,-100,-100,-100,9
-64,-100,-56,-100,-100,-100,-72,-100,-100,-100,-100,-58,-100,-100,-100,-100,-100,-100,-100,13
-61,-100,-57,-48,-100,-100,-100,-100,-100,-100,-48,-100,-100,-53,-100,-100,-100,-100,-100,11
-59,-100,-54,-100,-100,-100,-43,-100,-100,-100,-43,-100,-100,-67,-65,-100,-100,-100,-100,11
-41,-100,-39,-100,-100,-48,-100,-57,-100,-100,-60,-100,-100,-100,-100,-100,-100,-100,-100,9
-52,-100,-51,-57,-100,-63,-100,-55,-100,-100,-100,-67,-100,-63,-65,-100,-100,-100,-100,10
-73,-74,-77,-100,-69,-100,-87,-100,-100,-100,-100,-100,-100,-100,-100,-77,-100,-100,-100,8
-64,-100,-55,-100,-100,-61,-100,-100,-100,-100,-48,-100,-100,-55,-100,-100,-100,-100,-100,10
-75,-62,-78,-76,-71,-67,-100,-100,-100,-100,-100,-100,-100,-100,-100,-78,-100,-100,-100,8
-70,-100,-68,-71,-66,-44,-100,-100,-57,-72,-100,-100,-100,-100,-91,-63,-100,-94,-74,5
-68,-71,-68,-75,-100,-64,-100,-100,-100,-100,-73,-100,-100,-100,-100,-100,-100,-100,-100,8
-55,-100,-40,-100,-100,-100,-100,-100,-100,-100,-100,-100,-100,-61,-100,-100,-100,-100,-100,10
-49,-91,-48,-61,-100,-100,-100,-69,-100,-100,-100,-100,-100,-100,-76,-100,-100,-100,-100,9
-73,-75,-75,-100,-69,-73,-83,-100,-100,-100,-100,-100,-100,-100,-100,-100,-100,-100,-100,8
-52,-100,-45,-100,-100,-100,-100,-100,-100,-100,-100,-100,-100,-100,-100,-100,-100,-100,-100,10
-67,-90,-77,-100,-100,-39,-100,-100,-100,-77,-100,-100,-100,-100,-100,-64,-100,-100,-100,5
-54,-88,-53,-65,-100,-54,-67,-66,-100,-88,-66,-100,-100,-79,-100,-80,-100,-100,-100,5
-76,-83,-81,-85,-82,-75,-84,-100,-79,-100,-100,-100,-100,-100,-100,-100,-100,-100,-100,6
-50,-73,-57,-100,-100,-50,-100,-62,-100,-100,-100,-100,-100,-100,-100,-100,-100,-100,-100,7
-55,-100,-52,-100,-100,-100,-100,-100,-100,-100,-49,-100,-71,-100,-100,-100,-100,-100,-100,10
-78,-94,-81,-100,-100,-74,-100,-100,-100,-100,-100,-100,-100,-100,-100,-100,-94,-100,-100,6
-56,-100,-48,-100,-100,-67,-46,-45,-100,-100,-46,-100,-74,-53,-100,-100,-100,-100,-100,11
-46,-100,-50,-100,-100,-55,-100,-59,-100,-100,-100,-100,-100,-100,-75,-100,-100,-100,-100,9
-55,-84,-63,-100,-63,-42,-100,-100,-100,-100,-100,-100,-100,-100,-100,-65,-100,-100,-100,5
-55,-100,-51,-35,-100,-100,-40,-35,-100,-100,-36,-100,-100,-54,-100,-100,-100,-100,-100,11
-60,-100,-52,-100,-100,-61,-100,-100,-100,-100,-100,-100,-100,-100,-100,-100,-100,-100,-100,11
-72,-86,-67,-77,-67,-45,-69,-70,-58,-100,-68,-100,-100,-82,-100,-72,-100,-100,-100,5
-61,-100,-55,-69,-68,-50,-69,-100,-69,-100,-66,-100,-100,-100,-100,-100,-100,-100,-100,7
-73,-70,-76,-100,-69,-79,-76,-100,-100,-100,-100,-100,-100,-100,-100,-100,-100,-100,-100,8
-54,-100,-53,-100,-100,-100,-100,-100,-100,-100,-64,-100,-100,-77,-100,-100,-100,-100,-100,9
-61,-100,-48,-49,-100,-69,-100,-100,-100,-100,-100,-100,-100,-64,-58,-100,-100,-100,-100,11
-62,-100,-48,-100,-100,-100,-65,-100,-100,-100,-68,-66,-100,-100,-100,-100,-100,-100,-100,13
-72,-69,-71,-100,-70,-67,-100,-100,-100,-100,-100,-100,-100,-100,-100,-100,-100,-100,-100,8
-75,-70,-79,-100,-71,-77,-100,-89,-100,-100,-100,-100,-100,-100,-100,-87,-100,-100,-100,8
-52,-90,-48,-100,-100,-49,-64,-100,-100,-100,-100,-73,-100,-100,-100,-100,-100,-100,-100,9
-42,-100,-46,-100,-100,-65,-100,-100,-100,-100,-52,-73,-100,-73,-100,-100,-100,-100,-100,9
-57,-100,-56,-46,-100,-100,-100,-45,-100,-100,-100,-100,-100,-48,-100,-100,-100,-100,-100,11
-59,-81,-57,-100,-68,-53,-100,-100,-100,-84,-100,-100,-100,-100,-100,-100,-100,-100,-100,7
-51,-100,-49,-100,-100,-100,-100,-100,-100,-100,-100,-63,-69,-100,-100,-100,-100,-100,-100,13
-69,-100,-56,-100,-100,-100,-100,-100,-100,-100,-100,-51,-67,-100,-100,-100,-100,-100,-100,12
-68,-100,-54,-100,-100,-100,-100,-100,-100,-100,-100,-47,-100,-100,-100,-100,-100,-100,-100,12
-56,-100,-56,-100,-100,-67,-100,-100,-100,-100,-100,-100,-100,-69,-100,-100,-100,-100,-100,10
-75,-79,-71,-100,-79,-70,-100,-100,-100,-100,-100,-100,-100,-100,-100,-100,-100,-100,-100,6
-55,-100,-53,-100,-100,-100,-100,-52,-100,-100,-53,-66,-70,-63,-72,-100,-100,-100,-100,10
-75,-71,-74,-83,-69,-66,-100,-100,-100,-100,-86,-100,-100,-100,-100,-78,-100,-100,-100,8
-44,-100,-49,-100,-100,-57,-57,-57,-100,-100,-100,-100,-100,-100,-84,-100,-100,-100,-100,9
-53,-100,-54,-100,-100,-58,-100,-100,-100,-100,-100,-100,-70,-55,-58,-100,-100,-100,-100,11
-71,-85,-71,-72,-69,-41,-100,-100,-65,-76,-100,-100,-100,-100,-100,-100,-100,-100,-100,5
-60,-72,-59,-100,-100,-55,-71,-67,-100,-100,-70,-100,-100,-100,-100,-100,-100,-100,-100,7
-46,-100,-49,-100,-100,-66,-100,-58,-100,-100,-100,-100,-100,-100,-100,-100,-100,-100,-100,9
-40,-100,-48,-69,-100,-47,-64,-71,-100,-100,-67,-100,-100,-68,-100,-100,-100,-100,-100,9
-66,-82,-67,-100,-73,-66,-100,-100,-100,-100,-100,-100,-100,-100,-100,-100,-100,-100,-100,8
-65,-94,-64,-100,-69,-100,-100,-100,-69,-100,-100,-100,-100,-100,-91,-100,-100,-100,-100,5
-69,-77,-74,-100,-100,-100,-100,-100,-100,-100,-74,-100,-100,-100,-100,-85,-100,-100,-100,8
-68,-100,-58,-100,-100,-100,-100,-76,-100,-100,-100,-48,-65,-100,-100,-100,-100,-100,-100,12
-67,-93,-62,-100,-100,-48,-100,-72,-100,-87,-100,-100,-100,-100,-100,-100,-100,-100,-78,5
-72,-100,-54,-68,-100,-100,-100,-70,-100,-100,-68,-54,-71,-100,-100,-100,-100,-100,-100,13
-56,-100,-48,-100,-100,-100,-100,-100,-100,-100,-51,-100,-74,-64,-100,-100,-100,-100,-100,10
-82,-86,-80,-80,-100,-73,-100,-100,-100,-100,-100,-100,-100,-100,-100,-100,-100,-100,-100,6
-76,-83,-76,-100,-90,-74,-100,-100,-100,-100,-100,-100,-100,-100,-100,-100,-100,-100,-100,6
-63,-100,-54,-100,-100,-69,-100,-45,-100,-100,-43,-100,-77,-51,-70,-100,-100,-100,-100,11
-68,-100,-65,-100,-75,-60,-100,-100,-80,-100,-100,-100,-100,-100,-100,-100,-100,-100,-100,6
-42,-100,-45,-56,-100,-100,-100,-100,-100,-100,-100,-79,-100,-100,-100,-100,-100,-100,-100,9
-59,-83,-57,-100,-100,-41,-100,-100,-100,-81,-100,-100,-100,-100,-100,-67,-100,-100,-100,5
-49,-100,-50,-100,-100,-52,-62,-61,-100,-100,-61,-100,-100,-68,-100,-100,-100,-100,-100,9
-67,-100,-55,-70,-100,-100,-69,-100,-100,-100,-100,-60,-72,-100,-100,-100,-100,-100,-100,13
-58,-100,-55,-46,-100,-74,-100,-42,-100,-100,-42,-100,-100,-57,-60,-100,-100,-100,-100,11
-62,-85,-65,-100,-100,-70,-100,-100,-83,-100,-100,-100,-100,-100,-100,-100,-87,-100,-100,6
-70,-86,-71,-100,-76,-70,-75,-100,-100,-100,-100,-100,-100,-100,-100,-100,-100,-100,-100,6
-66,-90,-69,-100,-64,-49,-100,-100,-100,-75,-100,-100,-100,-83,-100,-71,-100,-100,-79,5
-81,-82,-80,-100,-100,-74,-100,-100,-100,-100,-100,-100,-100,-100,-100,-100,-100,-100,-100,6
-75,-100,-83,-100,-81,-100,-100,-100,-84,-100,-100,-100,-100,-100,-100,-100,-100,-100,-100,6
-60,-100,-48,-100,-100,-100,-100,-100,-100,-100,-100,-100,-100,-60,-100,-100,-100,-100,-100,10
-48,-100,-46,-100,-100,-59,-100,-100,-100,-100,-100,-100,-100,-73,-100,-100,-100,-100,-100,9
-66,-100,-60,-100,-100,-100,-100,-100,-100,-100,-100,-52,-74,-100,-100,-100,-100,-100,-100,12
-59,-100,-55,-100,-100,-100,-100,-100,-100,-100,-100,-100,-59,-100,-71,-100,-100,-100,-100,10
-48,-100,-44,-62,-100,-100,-100,-62,-100,-100,-100,-56,-72,-100,-100,-100,-100,-100,-100,13
-46,-100,-47,-59,-100,-57,-59,-61,-100,-100,-61,-100,-100,-71,-100,-100,-100,-100,-100,9
-57,-100,-54,-100,-100,-100,-100,-100,-100,-100,-100,-52,-59,-100,-100,-100,-100,-100,-100,13
-59,-89,-49,-100,-70,-47,-100,-69,-100,-100,-100,-100,-100,-76,-100,-75,-100,-100,-100,5
-64,-100,-59,-100,-69,-49,-100,-100,-100,-100,-100,-100,-100,-100,-100,-100,-100,-100,-100,7
-53,-100,-41,-100,-100,-55,-100,-100,-100,-100,-100,-70,-100,-100,-74,-100,-100,-100,-100,10
-67,-100,-52,-100,-100,-100,-100,-100,-100,-100,-100,-56,-100,-100,-100,-100,-100,-100,-100,13
-66,-100,-55,-100,-100,-100,-100,-74,-100,-100,-100,-63,-75,-100,-100,-100,-100,-100,-100,13
-70,-85,-66,-78,-77,-63,-100,-100,-100,-100,-100,-100,-100,-100,-100,-100,-100,-100,-100,6
-51,-100,-45,-100,-100,-61,-100,-100,-100,-100,-100,-100,-100,-100,-71,-100,-100,-100,-100,10
-55,-100,-51,-100,-100,-100,-100,-50,-100,-100,-100,-100,-77,-55,-69,-100,-100,-100,-100,11
-42,-100,-39,-67,-100,-53,-62,-66,-100,-100,-68,-74,-100,-100,-100,-100,-100,-100,-100,9
-61,-77,-63,-70,-70,-100,-69,-73,-100,-100,-71,-100,-100,-100,-100,-100,-100,-100,-100,7
-41,-100,-55,-100,-100,-49,-56,-62,-100,-100,-59,-100,-100,-72,-100,-100,-100,-100,-100,9
-43,-100,-44,-100,-100,-50,-67,-100,-100,-100,-100,-100,-100,-100,-100,-100,-100,-100,-100,9
-70,-84,-70,-100,-75,-73,-79,-100,-100,-100,-78,-100,-100,-100,-100,-78,-100,-100,-100,8
-57,-100,-58,-100,-100,-100,-100,-100,-100,-100,-100,-62,-100,-100,-100,-100,-100,-100,-100,13
-54,-100,-54,-46,-100,-56,-48,-100,-100,-100,-100,-100,-62,-66,-100,-100,-100,-100,-100,11
-72,-90,-80,-100,-100,-100,-100,-100,-88,-100,-100,-100,-100,-100,-100,-100,-100,-100,-100,6
-64,-100,-61,-100,-100,-100,-100,-74,-100,-100,-74,-39,-65,-100,-100,-100,-100,-100,-100,12
-68,-100,-59,-43,-100,-59,-44,-43,-100,-100,-44,-100,-100,-59,-100,-100,-100,-100,-100,11
-48,-100,-48,-56,-100,-59,-100,-55,-100,-100,-100,-70,-100,-100,-100,-100,-100,-100,-100,9
-72,-100,-79,-100,-84,-75,-100,-100,-89,-100,-100,-100,-100,-100,-100,-100,-100,-100,-100,6
-60,-88,-64,-100,-77,-69,-71,-100,-80,-100,-100,-100,-100,-100,-100,-100,-100,-100,-100,6
-65,-78,-79,-100,-100,-55,-100,-100,-100,-100,-100,-100,-100,-100,-100,-100,-100,-100,-100,7
-45,-100,-53,-100,-100,-61,-56,-100,-100,-100,-59,-75,-100,-100,-100,-100,-100,-100,-100,9
-50,-100,-48,-57,-100,-100,-56,-100,-100,-100,-100,-100,-100,-68,-100,-100,-100,-100,-100,9
-42,-100,-51,-57,-100,-64,-100,-53,-100,-100,-100,-100,-100,-70,-100,-100,-100,-100,-100,9
-63,-88,-67,-100,-70,-47,-100,-100,-71,-100,-100,-100,-100,-67,-100,-86,-100,-100,-100,5
-69,-100,-60,-75,-100,-100,-100,-100,-100,-100,-72,-63,-73,-100,-100,-100,-100,-100,-100,13
-65,-100,-55,-57,-100,-100,-58,-61,-100,-100,-58,-100,-81,-51,-100,-100,-100,-100,-100,11
-68,-100,-76,-100,-100,-59,-100,-100,-100,-100,-100,-100,-100,-100,-100,-100,-100,-100,-100,6
-54,-83,-58,-100,-100,-53,-100,-100,-100,-100,-67,-100,-100,-100,-100,-100,-100,-100,-100,7
-66,-86,-63,-75,-71,-100,-72,-100,-72,-100,-100,-100,-100,-100,-100,-76,-100,-100,-100,5
-69,-100,-67,-100,-66,-46,-100,-100,-100,-78,-100,-100,-100,-100,-100,-72,-100,-100,-100,5
-66,-100,-59,-75,-100,-100,-100,-100,-100,-100,-100,-46,-60,-100,-100,-100,-100,-100,-100,12
-52,-100,-47,-100,-100,-58,-100,-100,-100,-100,-47,-100,-100,-71,-100,-100,-100,-100,-100,11
-46,-100,-50,-100,-100,-54,-100,-100,-100,-100,-100,-100,-100,-100,-81,-100,-100,-100,-100,9
-66,-100,-56,-100,-100,-51,-100,-100,-100,-85,-100,-100,-100,-100,-100,-100,-100,-100,-100,7
-63,-100,-54,-44,-100,-63,-100,-100,-100,-100,-45,-100,-100,-51,-59,-100,-100,-100,-100,10
-63,-100,-57,-100,-100,-100,-100,-100,-100,-100,-100,-43,-61,-82,-100,-100,-100,-100,-100,12
-49,-100,-41,-100,-100,-100,-100,-100,-100,-100,-100,-61,-73,-100,-100,-100,-100,-100,-100,13
-68,-100,-51,-100,-100,-100,-76,-100,-100,-100,-100,-64,-70,-100,-100,-100,-100,-100,-100,13
-55,-100,-52,-100,-100,-100,-100,-100,-100,-100,-100,-100,-69,-54,-62,-100,-100,-100,-100,11
-58,-100,-50,-48,-100,-100,-49,-46,-100,-100,-48,-100,-69,-62,-100,-100,-100,-100,-100,11
-67,-100,-51,-100,-100,-61,-100,-100,-100,-100,-100,-100,-100,-100,-100,-100,-100,-100,-100,11
-51,-100,-51,-100,-100,-100,-100,-100,-100,-100,-51,-63,-74,-57,-67,-100,-100,-100,-100,10
-70,-75,-73,-100,-100,-65,-100,-100,-100,-100,-100,-100,-100,-100,-100,-90,-100,-100,-100,8
-73,-66,-77,-100,-75,-69,-100,-100,-100,-100,-100,-100,-100,-100,-100,-80,-100,-100,-100,8
-59,-100,-53,-100,-71,-56,-71,-67,-100,-100,-100,-100,-100,-100,-100,-100,-100,-100,-100,7
-49,-100,-45,-56,-100,-100,-100,-100,-100,-100,-100,-64,-100,-100,-70,-100,-100,-100,-100,10
-44,-88,-47,-100,-100,-57,-100,-58,-100,-100,-100,-68,-100,-100,-100,-100,-100,-100,-100,9
-60,-100,-55,-100,-100,-100,-100,-100,-100,-100,-100,-59,-69,-100,-100,-100,-100,-100,-100,13
-57,-100,-68,-100,-79,-55,-100,-100,-100,-100,-100,-100,-100,-100,-100,-100,-100,-100,-100,6
-69,-88,-68,-100,-100,-50,-100,-100,-66,-83,-100,-100,-100,-82,-100,-71,-100,-100,-100,5
-65,-100,-52,-100,-100,-100,-100,-100,-100,-100,-100,-100,-100,-59,-56,-100,-100,-100,-100,10
-59,-100,-55,-31,-100,-61,-100,-37,-100,-100,-100,-100,-70,-50,-57,-100,-100,-100,-100,11
-59,-100,-54,-100,-100,-58,-59,-58,-100,-100,-58,-100,-100,-56,-73,-100,-100,-100,-100,11
-56,-100,-54,-100,-100,-65,-100,-100,-100,-100,-100,-100,-100,-59,-100,-100,-100,-100,-100,11
-68,-100,-56,-100,-100,-100,-100,-74,-100,-100,-74,-47,-70,-100,-100,-100,-100,-100,-100,12
-65,-100,-58,-100,-63,-32,-100,-100,-61,-100,-100,-100,-100,-100,-100,-65,-100,-100,-100,5
-54,-70,-67,-100,-71,-53,-100,-66,-71,-100,-67,-100,-100,-100,-100,-100,-100,-100,-100,7
-58,-82,-66,-100,-68,-48,-100,-100,-100,-100,-100,-100,-100,-100,-100,-100,-100,-100,-100,7
-54,-100,-45,-58,-100,-65,-100,-56,-100,-100,-59,-67,-74,-70,-73,-100,-100,-100,-100,10
-45,-83,-48,-100,-63,-44,-100,-100,-100,-100,-100,-100,-100,-100,-100,-100,-100,-100,-100,7
-70,-83,-66,-100,-73,-52,-100,-100,-100,-100,-100,-100,-100,-100,-100,-100,-100,-100,-100,7
-74,-81,-71,-100,-83,-71,-100,-100,-100,-100,-100,-100,-100,-100,-100,-100,-100,-100,-100,6
-60,-100,-56,-100,-64,-100,-100,-100,-74,-100,-65,-100,-100,-100,-100,-100,-100,-100,-100,7
-62,-87,-51,-68,-62,-44,-100,-100,-63,-100,-100,-100,-100,-100,-100,-100,-100,-87,-100,5
-69,-100,-63,-72,-100,-100,-72,-100,-100,-100,-100,-58,-100,-100,-100,-100,-100,-100,-100,12
-59,-100,-57,-46,-100,-100,-45,-45,-100,-100,-47,-100,-100,-49,-100,-100,-100,-100,-100,11
-62,-77,-51,-70,-73,-54,-100,-100,-74,-100,-100,-100,-100,-100,-100,-100,-100,-100,-100,7
-65,-100,-66,-75,-100,-100,-100,-100,-100,-100,-100,-46,-100,-100,-100,-100,-100,-100,-100,12
-75,-70,-77,-82,-100,-100,-100,-100,-100,-100,-100,-100,-100,-100,-100,-82,-100,-100,-100,8
-62,-100,-52,-74,-100,-100,-100,-75,-100,-100,-100,-43,-68,-100,-100,-100,-100,-100,-100,12
-72,-80,-77,-74,-70,-68,-100,-100,-100,-100,-100,-100,-100,-100,-100,-79,-100,-100,-100,8
-66,-100,-66,-100,-60,-40,-100,-100,-65,-100,-72,-100,-100,-77,-100,-58,-100,-100,-100,5
-70,-84,-63,-79,-100,-100,-100,-100,-84,-100,-100,-100,-100,-100,-100,-100,-100,-100,-100,6
-76,-92,-83,-100,-100,-75,-100,-100,-100,-100,-100,-100,-100,-100,-100,-100,-100,-100,-100,6
-66,-100,-52,-100,-100,-100,-100,-100,-100,-100,-100,-52,-72,-100,-100,-100,-100,-100,-100,13
-69,-86,-71,-100,-64,-52,-100,-100,-61,-81,-100,-100,-100,-100,-100,-100,-100,-92,-100,5
-62,-81,-67,-67,-100,-65,-100,-100,-75,-100,-100,-100,-100,-100,-100,-100,-100,-100,-100,6
-55,-100,-52,-100,-68,-45,-100,-100,-71,-100,-100,-100,-100,-100,-100,-100,-100,-100,-100,7
-72,-100,-70,-74,-60,-100,-100,-73,-67,-100,-100,-100,-100,-100,-100,-60,-100,-100,-100,5
-64,-83,-63,-100,-70,-100,-100,-100,-100,-100,-67,-100,-100,-100,-100,-100,-100,-100,-100,7
-70,-72,-71,-100,-71,-63,-100,-100,-100,-100,-100,-100,-100,-100,-100,-86,-100,-100,-100,8
-68,-100,-56,-100,-100,-81,-76,-76,-100,-100,-100,-46,-70,-100,-100,-100,-100,-100,-100,12
-81,-71,-75,-100,-68,-61,-100,-81,-100,-100,-100,-100,-100,-100,-100,-100,-100,-100,-100,8
-57,-82,-54,-100,-76,-53,-100,-100,-100,-100,-100,-100,-100,-100,-100,-100,-100,-100,-100,7
-58,-88,-53,-100,-69,-56,-100,-100,-70,-100,-100,-100,-100,-100,-88,-76,-100,-87,-100,5
-62,-100,-58,-100,-100,-100,-45,-100,-100,-100,-43,-100,-100,-47,-66,-100,-100,-100,-100,11
-60,-100,-52,-40,-100,-59,-39,-37,-100,-100,-39,-100,-100,-51,-68,-100,-100,-100,-100,11
-66,-100,-59,-100,-100,-100,-100,-100,-100,-100,-100,-46,-63,-100,-100,-100,-100,-100,-100,12
-80,-100,-75,-100,-59,-41,-100,-100,-64,-100,-100,-100,-100,-100,-100,-62,-100,-100,-81,5
-73,-92,-80,-75,-100,-57,-78,-100,-83,-100,-100,-100,-100,-100,-100,-100,-100,-100,-100,6
-54,-79,-58,-68,-100,-54,-67,-65,-100,-100,-67,-100,-100,-100,-100,-100,-100,-100,-100,7
-46,-100,-50,-100,-100,-63,-100,-100,-100,-100,-59,-100,-74,-100,-100,-100,-100,-100,-100,10
-53,-100,-46,-100,-100,-62,-100,-100,-100,-100,-100,-100,-100,-57,-69,-100,-100,-100,-100,10
-54,-100,-51,-100,-100,-68,-100,-100,-100,-100,-100,-100,-100,-57,-100,-100,-100,-100,-100,11
-81,-88,-81,-100,-100,-76,-100,-100,-100,-100,-100,-100,-100,-100,-100,-100,-88,-100,-100,6
-68,-100,-55,-71,-100,-100,-100,-72,-100,-100,-100,-52,-65,-100,-100,-100,-100,-100,-100,12
-43,-85,-48,-57,-100,-52,-100,-59,-100,-100,-100,-73,-100,-100,-85,-100,-100,-100,-100,9
-68,-78,-70,-81,-76,-100,-100,-82,-100,-100,-100,-100,-100,-100,-100,-84,-100,-100,-100,8
-66,-100,-59,-67,-100,-100,-100,-100,-100,-100,-100,-60,-74,-100,-100,-100,-100,-100,-100,13
-67,-89,-64,-100,-60,-43,-100,-100,-68,-76,-100,-100,-100,-100,-100,-68,-100,-91,-100,5
-62,-79,-70,-100,-70,-57,-100,-100,-64,-100,-100,-100,-100,-100,-100,-100,-100,-100,-100,7
-39,-100,-49,-56,-100,-55,-56,-55,-100,-100,-54,-100,-100,-100,-79,-100,-100,-100,-100,9
-66,-100,-63,-100,-100,-100,-100,-100,-100,-100,-100,-46,-100,-100,-100,-100,-100,-100,-100,12
-70,-100,-53,-100,-100,-100,-72,-73,-100,-100,-72,-46,-60,-100,-100,-100,-100,-100,-100,12
-52,-85,-52,-100,-100,-47,-100,-100,-100,-100,-100,-75,-100,-100,-80,-86,-100,-100,-100,9
-75,-74,-86,-100,-68,-100,-100,-83,-100,-100,-100,-100,-100,-100,-100,-100,-100,-100,-100,8
-53,-100,-50,-100,-100,-49,-100,-100,-100,-100,-100,-100,-100,-100,-100,-100,-100,-100,-100,10
-69,-73,-65,-100,-72,-100,-100,-100,-100,-100,-83,-100,-100,-100,-100,-100,-100,-100,-100,8
-56,-100,-51,-100,-100,-59,-100,-48,-100,-100,-47,-100,-100,-61,-100,-100,-100,-100,-100,10
-72,-100,-65,-100,-100,-100,-100,-100,-100,-100,-74,-50,-100,-100,-100,-100,-100,-100,-100,12
-42,-100,-40,-100,-100,-48,-100,-100,-100,-100,-100,-100,-100,-100,-80,-100,-100,-100,-100,9
-54,-100,-52,-100,-100,-60,-100,-100,-100,-100,-100,-100,-76,-100,-100,-100,-100,-100,-100,11
-70,-88,-70,-100,-100,-60,-100,-100,-76,-100,-100,-100,-100,-100,-100,-100,-100,-100,-100,6
-72,-70,-77,-76,-100,-68,-100,-100,-100,-100,-100,-100,-100,-100,-100,-100,-100,-100,-100,8
-65,-100,-56,-50,-100,-100,-100,-50,-100,-100,-100,-100,-100,-57,-64,-100,-100,-100,-100,10
-68,-100,-65,-100,-100,-100,-100,-74,-100,-100,-74,-46,-70,-100,-100,-100,-100,-100,-100,12
-64,-79,-68,-100,-70,-49,-100,-100,-100,-76,-100,-100,-100,-100,-100,-100,-100,-100,-100,7
-75,-77,-81,-78,-69,-69,-78,-100,-100,-100,-100,-100,-100,-100,-100,-74,-100,-100,-100,8
-73,-51,-78,-100,-50,-66,-100,-100,-100,-100,-100,-100,-100,-100,-100,-73,-100,-100,-100,8
-77,-78,-74,-100,-73,-66,-100,-100,-100,-100,-100,-100,-100,-100,-100,-90,-100,-100,-100,8
-68,-82,-69,-78,-83,-67,-100,-100,-81,-100,-100,-100,-100,-100,-100,-100,-100,-100,-100,6
-75,-49,-88,-82,-55,-72,-100,-100,-100,-100,-100,-100,-100,-100,-100,-73,-100,-100,-100,8
-59,-100,-47,-47,-100,-63,-100,-100,-100,-100,-46,-100,-65,-68,-100,-100,-100,-100,-100,11
-70,-100,-53,-76,-100,-81,-100,-100,-100,-100,-100,-46,-68,-100,-100,-100,-100,-100,-100,12
-52,-100,-47,-54,-100,-100,-100,-100,-100,-100,-100,-100,-71,-100,-100,-100,-100,-100,-100,10
-75,-85,-85,-100,-100,-100,-100,-100,-81,-100,-100,-100,-100,-100,-100,-100,-100,-100,-100,6
-73,-80,-84,-100,-82,-100,-100,-100,-75,-100,-100,-100,-100,-100,-100,-100,-100,-100,-100,6
-69,-78,-76,-100,-78,-63,-100,-100,-100,-100,-77,-100,-100,-100,-100,-100,-100,-100,-100,8
-77,-64,-79,-100,-69,-77,-100,-100,-100,-100,-100,-100,-100,-100,-100,-83,-100,-100,-100,8
-62,-78,-55,-100,-100,-46,-100,-100,-74,-100,-69,-100,-100,-100,-100,-100,-100,-100,-100,7
-41,-100,-46,-64,-100,-60,-58,-100,-100,-100,-100,-77,-100,-71,-100,-100,-100,-100,-100,9
-49,-100,-45,-100,-100,-100,-100,-100,-100,-100,-100,-63,-75,-100,-100,-100,-100,-100,-100,13
-70,-94,-64,-100,-100,-46,-100,-69,-61,-83,-100,-100,-100,-79,-100,-63,-100,-100,-83,5
-70,-100,-77,-100,-100,-100,-100,-100,-100,-100,-100,-100,-100,-100,-100,-100,-100,-100,-100,6
-59,-100,-65,-100,-100,-100,-52,-100,-100,-100,-100,-100,-100,-49,-71,-100,-100,-100,-100,11
-60,-100,-50,-100,-100,-67,-100,-46,-100,-100,-100,-100,-63,-51,-65,-100,-100,-100,-100,10
-60,-79,-68,-100,-100,-56,-72,-100,-100,-100,-100,-100,-100,-100,-100,-100,-100,-100,-100,7
-53,-100,-50,-55,-100,-54,-100,-55,-100,-100,-100,-72,-100,-72,-80,-100,-100,-100,-100,9
-64,-100,-56,-100,-100,-100,-100,-100,-100,-100,-100,-70,-100,-100,-100,-100,-100,-100,-100,13
-66,-100,-57,-54,-100,-62,-54,-100,-100,-100,-100,-100,-75,-52,-100,-100,-100,-100,-100,11
-100,-100,-68,-100,-100,-100,-100,-100,-100,-100,-78,-48,-72,-100,-100,-100,-100,-100,-100,12
-65,-82,-63,-100,-73,-100,-100,-74,-100,-100,-75,-100,-100,-100,-100,-80,-100,-100,-100,8
-45,-91,-48,-100,-100,-63,-100,-100,-100,-100,-100,-100,-100,-76,-100,-100,-100,-100,-100,9
-69,-100,-50,-100,-100,-100,-71,-100,-100,-100,-100,-57,-66,-100,-100,-100,-100,-100,-100,13
-55,-100,-50,-100,-100,-60,-100,-100,-100,-100,-100,-100,-100,-72,-71,-100,-100,-100,-100,10
-83,-69,-82,-100,-54,-70,-100,-81,-100,-100,-100,-100,-100,-100,-100,-78,-100,-100,-100,8
-74,-100,-73,-100,-65,-51,-100,-100,-100,-77,-100,-100,-100,-100,-100,-100,-100,-100,-100,5
-72,-80,-74,-100,-77,-62,-100,-100,-100,-100,-100,-100,-100,-100,-100,-100,-100,-100,-100,6
-64,-100,-55,-48,-100,-71,-100,-50,-100,-100,-100,-100,-100,-64,-100,-100,-100,-100,-100,11
-71,-100,-58,-100,-100,-83,-100,-100,-100,-100,-100,-44,-67,-100,-100,-100,-100,-100,-100,12
-76,-68,-71,-76,-71,-100,-100,-78,-100,-100,-100,-100,-100,-100,-100,-100,-100,-100,-100,8
-58,-100,-53,-100,-100,-59,-100,-100,-100,-100,-100,-100,-100,-51,-60,-100,-100,-100,-100,10
-72,-100,-53,-100,-100,-100,-100,-100,-100,-100,-100,-56,-71,-100,-100,-100,-100,-100,-100,13
-59,-100,-58,-100,-100,-100,-100,-100,-100,-100,-100,-48,-69,-100,-100,-100,-100,-100,-100,13
-68,-100,-59,-100,-100,-100,-100,-100,-100,-100,-100,-44,-63,-100,-100,-100,-100,-100,-100,12
-54,-100,-42,-51,-100,-100,-100,-54,-100,-100,-54,-100,-72,-100,-66,-100,-100,-100,-100,10
-56,-100,-51,-51,-100,-100,-100,-52,-100,-100,-100,-73,-62,-65,-69,-100,-100,-100,-100,10
-41,-100,-47,-100,-100,-61,-100,-56,-100,-100,-55,-76,-100,-64,-100,-100,-100,-100,-100,9
-64,-100,-56,-100,-100,-100,-100,-100,-100,-100,-100,-50,-100,-100,-100,-100,-100,-100,-100,13
-58,-100,-59,-100,-100,-45,-100,-100,-100,-76,-68,-100,-100,-100,-100,-100,-100,-100,-100,7
-46,-100,-47,-53,-100,-65,-100,-52,-100,-100,-100,-69,-100,-100,-77,-100,-100,-100,-100,9
-46,-100,-49,-54,-100,-65,-57,-100,-100,-100,-100,-70,-100,-75,-100,-100,-100,-100,-100,9
-54,-100,-51,-100,-100,-100,-64,-63,-100,-100,-100,-60,-100,-100,-100,-100,-100,-100,-100,13
-59,-100,-53,-57,-100,-100,-50,-49,-100,-100,-100,-100,-79,-53,-72,-100,-100,-100,-100,11
-67,-100,-64,-100,-65,-41,-100,-100,-100,-100,-100,-100,-100,-100,-100,-72,-100,-100,-100,5
-55,-100,-45,-40,-100,-59,-44,-100,-100,-100,-100,-100,-72,-52,-59,-100,-100,-100,-100,11
-56,-100,-55,-100,-100,-53,-100,-100,-100,-100,-100,-100,-68,-56,-100,-100,-100,-100,-100,11
-72,-77,-75,-100,-100,-68,-74,-72,-100,-100,-76,-100,-100,-100,-100,-85,-100,-100,-100,8
-60,-100,-45,-100,-100,-100,-100,-100,-100,-100,-100,-54,-76,-100,-100,-100,-100,-100,-100,13
-54,-82,-53,-100,-67,-55,-100,-100,-66,-100,-100,-100,-100,-100,-91,-76,-100,-100,-100,5
-68,-100,-55,-100,-100,-100,-100,-100,-100,-100,-100,-43,-64,-100,-100,-100,-100,-100,-100,12
-69,-100,-54,-71,-100,-100,-100,-72,-100,-100,-100,-42,-100,-78,-100,-100,-100,-100,-100,12
-69,-91,-58,-100,-71,-51,-100,-100,-68,-100,-100,-100,-100,-75,-100,-100,-100,-100,-100,5
-56,-81,-58,-100,-100,-44,-100,-100,-100,-100,-100,-100,-100,-100,-100,-100,-100,-100,-100,7
-54,-100,-55,-100,-100,-72,-100,-100,-100,-100,-100,-100,-68,-58,-62,-100,-100,-100,-100,11
-73,-72,-68,-100,-76,-100,-100,-100,-100,-100,-100,-100,-100,-100,-100,-100,-100,-100,-100,7
-57,-100,-51,-100,-72,-49,-100,-100,-65,-100,-70,-100,-100,-100,-100,-77,-100,-100,-100,5
-56,-83,-54,-67,-68,-50,-69,-66,-70,-100,-67,-100,-100,-70,-100,-75,-100,-100,-100,5
-55,-100,-46,-100,-100,-100,-100,-100,-100,-100,-100,-100,-100,-66,-66,-100,-100,-100,-100,10
-66,-100,-62,-74,-66,-41,-74,-75,-66,-84,-75,-100,-100,-100,-100,-100,-100,-100,-100,5
-75,-100,-74,-100,-77,-100,-100,-100,-82,-100,-100,-100,-100,-100,-100,-100,-100,-100,-100,6
-59,-100,-49,-100,-70,-47,-100,-100,-100,-100,-100,-100,-100,-100,-100,-100,-100,-100,-100,7
-43,-100,-47,-100,-100,-58,-100,-64,-100,-100,-64,-75,-100,-75,-100,-100,-100,-100,-100,9
-71,-100,-53,-69,-100,-100,-100,-100,-100,-100,-100,-52,-54,-100,-100,-100,-100,-100,-100,13
-42,-90,-47,-66,-100,-46,-65,-100,-100,-100,-100,-100,-100,-100,-100,-100,-100,-100,-100,9
-60,-89,-64,-100,-63,-37,-100,-70,-64,-74,-100,-100,-100,-100,-100,-62,-100,-100,-100,5
-47,-88,-45,-100,-100,-59,-100,-100,-100,-100,-59,-100,-100,-100,-100,-83,-100,-100,-100,9
-55,-100,-51,-45,-100,-63,-100,-100,-100,-100,-42,-78,-100,-64,-67,-100,-100,-100,-100,10
-65,-100,-51,-100,-100,-100,-100,-100,-100,-100,-100,-57,-100,-100,-100,-100,-100,-100,-100,13
-65,-78,-62,-100,-73,-58,-100,-100,-85,-100,-100,-100,-100,-100,-100,-100,-100,-100,-100,6
-69,-100,-62,-100,-62,-40,-100,-100,-64,-78,-100,-100,-100,-100,-100,-100,-100,-100,-89,5
-52,-100,-45,-55,-100,-100,-100,-54,-100,-100,-100,-67,-75,-100,-71,-100,-100,-100,-100,10
-73,-78,-77,-87,-69,-100,-100,-100,-100,-100,-84,-100,-100,-100,-100,-100,-100,-100,-100,8
-78,-100,-76,-100,-87,-67,-100,-100,-85,-100,-100,-100,-100,-100,-100,-100,-100,-100,-100,6
-65,-76,-63,-100,-74,-100,-100,-100,-100,-100,-66,-100,-100,-100,-100,-80,-100,-100,-100,8
-69,-82,-70,-76,-74,-64,-100,-100,-78,-100,-100,-100,-100,-100,-100,-100,-100,-100,-100,6
-61,-100,-60,-100,-100,-100,-100,-100,-100,-100,-76,-55,-66,-100,-100,-100,-100,-100,-100,13
-61,-100,-56,-100,-100,-100,-70,-100,-100,-100,-100,-63,-66,-100,-100,-100,-100,-100,-100,13
-69,-100,-64,-73,-100,-100,-71,-73,-100,-100,-72,-54,-62,-100,-100,-100,-100,-100,-100,13
-64,-100,-54,-100,-100,-100,-100,-100,-100,-100,-100,-54,-72,-100,-100,-100,-100,-100,-100,13
-57,-100,-46,-69,-100,-100,-100,-100,-100,-100,-100,-100,-67,-100,-100,-100,-100,-100,-100,13
-63,-73,-71,-70,-77,-100,-100,-100,-100,-100,-100,-100,-100,-100,-100,-80,-100,-100,-100,8
-65,-100,-57,-100,-100,-100,-100,-100,-100,-100,-100,-44,-100,-100,-100,-100,-100,-100,-100,12
-53,-100,-57,-100,-100,-100,-100,-100,-100,-100,-55,-100,-100,-67,-73,-100,-100,-100,-100,10
-49,-100,-40,-100,-100,-100,-100,-100,-100,-100,-100,-100,-100,-69,-100,-100,-100,-100,-100,10
-48,-100,-52,-100,-100,-66,-100,-100,-100,-100,-100,-100,-81,-61,-73,-100,-100,-100,-100,10
-57,-100,-47,-46,-100,-56,-100,-49,-100,-100,-46,-100,-68,-56,-100,-100,-100,-100,-100,10
-56,-100,-55,-100,-100,-64,-100,-100,-100,-100,-100,-100,-100,-60,-100,-100,-100,-100,-100,10
-40,-86,-38,-100,-100,-52,-62,-100,-100,-100,-64,-100,-100,-70,-100,-100,-100,-100,-100,9
-54,-100,-51,-68,-100,-100,-100,-100,-100,-100,-100,-67,-100,-100,-100,-100,-100,-100,-100,13
-66,-100,-47,-100,-100,-100,-100,-100,-100,-100,-100,-53,-63,-100,-100,-100,-100,-100,-100,13
-51,-100,-53,-100,-100,-69,-100,-59,-100,-100,-57,-100,-64,-57,-65,-100,-100,-100,-100,10
-66,-89,-72,-100,-62,-47,-100,-73,-66,-75,-100,-100,-100,-100,-100,-69,-100,-100,-100,5
-66,-100,-61,-100,-100,-100,-100,-100,-100,-100,-100,-52,-69,-100,-100,-100,-100,-100,-100,12
-59,-80,-63,-100,-73,-59,-69,-100,-100,-100,-67,-100,-100,-100,-100,-100,-100,-100,-100,7
-64,-100,-60,-100,-100,-100,-100,-100,-100,-100,-100,-45,-78,-100,-100,-100,-100,-100,-100,12
-63,-100,-56,-100,-100,-100,-70,-100,-100,-100,-68,-57,-72,-100,-100,-100,-100,-100,-100,13
-49,-100,-44,-65,-100,-53,-64,-100,-100,-100,-59,-100,-100,-100,-100,-100,-100,-100,-100,9
-76,-88,-81,-100,-100,-100,-100,-100,-100,-100,-100,-100,-100,-100,-100,-100,-100,-100,-100,6
-65,-100,-63,-71,-69,-53,-100,-100,-100,-100,-100,-100,-100,-100,-100,-100,-100,-100,-100,7
-57,-100,-50,-100,-100,-100,-100,-100,-100,-100,-100,-100,-68,-100,-100,-100,-100,-100,-100,13
-66,-78,-57,-100,-67,-41,-100,-100,-100,-79,-100,-100,-100,-100,-100,-100,-100,-100,-100,7
-69,-88,-72,-100,-58,-46,-100,-100,-63,-74,-100,-100,-100,-100,-100,-70,-100,-100,-100,5
-66,-100,-70,-75,-63,-46,-100,-100,-60,-87,-100,-100,-100,-100,-100,-67,-100,-100,-100,5
-69,-66,-77,-100,-62,-71,-100,-100,-100,-100,-100,-100,-100,-100,-100,-74,-100,-100,-100,8
-51,-100,-47,-100,-100,-52,-100,-100,-100,-100,-100,-100,-100,-100,-100,-100,-100,-100,-100,10
-63,-80,-65,-100,-75,-62,-76,-100,-77,-100,-100,-100,-100,-100,-100,-100,-100,-100,-100,6
-65,-100,-57,-100,-100,-100,-100,-67,-100,-100,-100,-57,-100,-100,-100,-100,-100,-100,-100,13
-78,-84,-76,-100,-79,-72,-100,-100,-100,-100,-100,-100,-100,-100,-100,-100,-100,-100,-100,6
-66,-100,-67,-100,-79,-70,-100,-100,-100,-100,-100,-100,-100,-100,-100,-100,-100,-100,-100,6
-48,-100,-44,-100,-100,-54,-57,-100,-100,-100,-58,-72,-100,-100,-73,-84,-100,-100,-100,9
-65,-100,-51,-71,-100,-100,-100,-100,-100,-100,-100,-54,-100,-100,-100,-100,-100,-100,-100,13
-54,-100,-52,-43,-100,-73,-44,-41,-100,-100,-100,-100,-71,-100,-67,-100,-100,-100,-100,11
-49,-100,-46,-100,-100,-56,-100,-58,-100,-100,-100,-100,-79,-65,-72,-100,-100,-100,-100,10
-66,-100,-68,-100,-65,-24,-100,-100,-100,-100,-100,-100,-100,-100,-100,-73,-100,-100,-83,5
-50,-100,-49,-100,-100,-53,-100,-63,-100,-100,-100,-100,-100,-100,-100,-100,-100,-100,-100,9
-48,-100,-47,-100,-100,-59,-52,-100,-100,-100,-55,-100,-100,-66,-100,-100,-100,-100,-100,9
-62,-100,-63,-100,-100,-43,-100,-100,-66,-100,-100,-100,-100,-100,-100,-100,-100,-100,-100,7
-53,-100,-50,-100,-100,-65,-50,-54,-100,-100,-47,-100,-100,-55,-58,-100,-100,-100,-100,11
-48,-87,-52,-100,-100,-50,-61,-100,-100,-100,-100,-100,-100,-100,-100,-100,-100,-100,-100,9
-49,-100,-42,-60,-100,-100,-64,-100,-100,-100,-61,-74,-100,-68,-100,-100,-100,-100,-100,9
-66,-100,-54,-77,-100,-100,-100,-100,-100,-100,-100,-61,-64,-100,-100,-100,-100,-100,-100,13
-100,-50,-79,-100,-66,-69,-100,-81,-100,-100,-83,-100,-100,-100,-100,-83,-100,-100,-100,8
-73,-67,-74,-87,-73,-67,-100,-100,-100,-100,-100,-100,-100,-100,-100,-82,-100,-100,-100,8
-61,-83,-51,-69,-69,-42,-100,-70,-100,-82,-100,-100,-100,-81,-100,-85,-100,-100,-100,5
-70,-86,-68,-100,-100,-63,-100,-100,-78,-100,-100,-100,-100,-100,-100,-100,-100,-100,-100,6
-72,-94,-75,-88,-100,-64,-100,-100,-78,-100,-100,-100,-100,-100,-100,-100,-100,-100,-100,6
-64,-100,-70,-77,-66,-42,-100,-75,-100,-100,-100,-100,-100,-100,-100,-60,-100,-100,-100,5
-64,-100,-53,-100,-100,-100,-100,-100,-100,-100,-100,-54,-74,-100,-100,-100,-100,-100,-100,13
-47,-100,-47,-60,-100,-58,-100,-58,-100,-100,-61,-100,-100,-63,-70,-100,-100,-100,-100,10
-65,-75,-68,-100,-76,-67,-100,-100,-85,-100,-100,-100,-100,-100,-100,-100,-100,-100,-100,6
-58,-100,-52,-100,-100,-100,-100,-100,-100,-100,-100,-56,-100,-100,-100,-100,-100,-100,-100,13
-69,-100,-56,-78,-100,-100,-100,-100,-100,-100,-75,-53,-59,-100,-100,-100,-100,-100,-100,12
-71,-78,-66,-100,-69,-100,-100,-72,-100,-100,-100,-100,-100,-100,-100,-81,-100,-100,-100,8
-53,-100,-48,-54,-100,-100,-100,-53,-100,-100,-53,-71,-100,-70,-76,-100,-100,-100,-100,10
-67,-94,-66,-100,-70,-54,-100,-70,-65,-100,-68,-81,-100,-68,-100,-73,-100,-100,-100,5
-100,-57,-83,-100,-66,-73,-100,-100,-100,-100,-86,-100,-100,-100,-100,-85,-100,-100,-100,8
-54,-100,-46,-100,-100,-64,-100,-100,-100,-100,-100,-73,-100,-59,-59,-100,-100,-100,-100,10
-70,-100,-66,-100,-100,-100,-100,-75,-100,-100,-100,-53,-63,-100,-100,-100,-100,-100,-100,12
-47,-100,-49,-59,-100,-58,-59,-100,-100,-100,-100,-100,-100,-100,-100,-100,-100,-100,-100,9
-56,-100,-46,-100,-100,-59,-100,-100,-100,-100,-100,-100,-72,-66,-76,-100,-100,-100,-100,10
-67,-76,-64,-71,-100,-56,-75,-100,-100,-100,-100,-100,-100,-100,-100,-100,-100,-100,-100,7
-58,-86,-55,-68,-70,-56,-100,-100,-100,-100,-100,-100,-100,-100,-100,-100,-100,-100,-100,7
-64,-78,-64,-79,-100,-63,-100,-100,-100,-100,-100,-100,-100,-100,-100,-100,-100,-100,-100,6
-59,-100,-64,-56,-100,-61,-56,-54,-100,-100,-56,-100,-100,-50,-100,-100,-100,-100,-100,11
-71,-100,-53,-100,-100,-100,-100,-100,-100,-100,-69,-54,-100,-100,-100,-100,-100,-100,-100,13
-67,-100,-56,-100,-100,-100,-100,-100,-100,-100,-100,-59,-69,-100,-100,-100,-100,-100,-100,13
-61,-100,-57,-68,-100,-100,-100,-100,-100,-100,-100,-61,-100,-100,-100,-100,-100,-100,-100,13
-68,-82,-71,-100,-100,-100,-100,-100,-100,-100,-100,-100,-100,-100,-100,-100,-100,-100,-100,7
-71,-100,-55,-69,-100,-100,-71,-100,-100,-100,-70,-44,-62,-82,-100,-100,-100,-100,-100,12
-71,-100,-56,-100,-62,-30,-100,-70,-100,-83,-71,-100,-100,-100,-100,-62,-100,-100,-100,5
-44,-100,-45,-100,-100,-61,-58,-100,-100,-100,-58,-70,-100,-67,-100,-100,-100,-100,-100,9
-39,-90,-38,-100,-100,-57,-60,-100,-100,-100,-63,-100,-100,-69,-100,-100,-100,-100,-100,9
-51,-85,-38,-100,-100,-61,-100,-55,-100,-100,-100,-100,-100,-100,-100,-100,-100,-100,-100,10
-60,-100,-54,-78,-100,-100,-77,-100,-100,-100,-74,-69,-67,-100,-100,-100,-100,-100,-100,13
-68,-100,-54,-100,-100,-100,-100,-100,-100,-100,-100,-48,-66,-100,-100,-100,-100,-100,-100,13
-65,-100,-53,-100,-100,-66,-100,-100,-100,-100,-100,-100,-100,-55,-64,-100,-100,-100,-100,11
-78,-75,-72,-85,-100,-71,-100,-100,-100,-100,-100,-100,-100,-100,-100,-100,-100,-100,-100,8
-62,-100,-53,-100,-100,-66,-100,-100,-100,-100,-100,-100,-100,-50,-63,-100,-100,-100,-100,11
-77,-82,-76,-100,-100,-75,-100,-100,-84,-100,-100,-100,-100,-100,-100,-100,-100,-100,-100,6
-57,-78,-62,-100,-71,-52,-79,-100,-76,-100,-100,-100,-100,-100,-100,-100,-100,-100,-100,6
-78,-72,-86,-100,-59,-68,-100,-100,-100,-100,-83,-100,-100,-100,-100,-80,-100,-100,-100,8
-56,-100,-56,-70,-69,-48,-100,-100,-100,-88,-100,-100,-100,-100,-89,-80,-100,-100,-100,5
-61,-100,-48,-100,-100,-100,-100,-100,-100,-100,-100,-63,-76,-100,-100,-100,-100,-100,-100,13
-75,-100,-79,-100,-81,-71,-100,-100,-82,-100,-100,-100,-100,-100,-100,-100,-89,-100,-100,6
-65,-100,-56,-100,-100,-100,-100,-100,-100,-100,-100,-53,-72,-100,-100,-100,-100,-100,-100,12
-67,-89,-68,-100,-74,-52,-100,-100,-71,-100,-79,-100,-100,-80,-100,-86,-100,-100,-100,5
-80,-71,-78,-100,-73,-71,-100,-84,-100,-100,-83,-100,-100,-100,-100,-84,-100,-100,-100,8
-69,-100,-61,-100,-56,-28,-100,-100,-68,-100,-100,-100,-100,-100,-91,-63,-100,-100,-100,5
-58,-100,-55,-42,-100,-70,-41,-100,-100,-100,-100,-100,-100,-58,-100,-100,-100,-100,-100,11
-64,-100,-56,-100,-100,-100,-100,-100,-100,-100,-100,-52,-64,-100,-100,-100,-100,-100,-100,13
-62,-77,-63,-82,-69,-60,-82,-100,-100,-100,-100,-100,-100,-100,-100,-100,-100,-100,-100,6
-55,-100,-46,-60,-100,-56,-100,-62,-100,-100,-62,-100,-100,-100,-100,-100,-100,-100,-100,10
-45,-85,-45,-62,-100,-51,-100,-100,-100,-100,-100,-72,-100,-100,-100,-100,-100,-100,-100,9
-75,-52,-73,-100,-61,-66,-77,-77,-100,-100,-100,-100,-100,-100,-100,-81,-100,-100,-100,8
-65,-78,-63,-76,-100,-68,-100,-100,-77,-100,-100,-100,-100,-100,-100,-100,-100,-100,-100,6
-70,-100,-56,-78,-100,-100,-100,-76,-100,-100,-100,-52,-100,-82,-100,-100,-100,-100,-100,12
-64,-100,-57,-100,-100,-74,-54,-100,-100,-100,-54,-100,-100,-52,-100,-100,-100,-100,-100,11
-69,-100,-60,-100,-100,-100,-100,-100,-100,-100,-100,-50,-68,-81,-100,-100,-100,-100,-100,12
-50,-100,-56,-100,-100,-48,-100,-62,-100,-100,-100,-100,-100,-100,-100,-100,-100,-100,-100,7
-62,-74,-62,-72,-73,-66,-74,-73,-100,-100,-74,-100,-100,-100,-100,-100,-100,-100,-100,8
-65,-69,-72,-74,-100,-70,-100,-75,-100,-100,-100,-100,-100,-100,-100,-79,-100,-100,-100,8
-50,-100,-44,-68,-100,-100,-100,-100,-100,-100,-100,-69,-73,-100,-100,-100,-100,-100,-100,13
-65,-76,-65,-100,-71,-61,-100,-100,-76,-100,-100,-100,-100,-100,-100,-100,-100,-100,-100,7
-71,-77,-63,-100,-77,-66,-100,-100,-79,-100,-100,-100,-100,-100,-100,-100,-100,-100,-100,6
-58,-80,-55,-100,-73,-58,-71,-100,-100,-89,-68,-100,-100,-100,-100,-100,-100,-100,-100,7
-53,-100,-51,-100,-100,-61,-100,-55,-100,-100,-100,-72,-100,-58,-68,-100,-100,-100,-100,10
-51,-100,-47,-61,-100,-100,-100,-100,-100,-100,-100,-61,-73,-100,-100,-100,-100,-100,-100,13
-68,-100,-68,-100,-60,-44,-100,-100,-59,-100,-100,-100,-100,-100,-100,-64,-100,-100,-100,5
-54,-100,-45,-100,-100,-58,-100,-100,-100,-100,-54,-65,-100,-100,-100,-100,-100,-100,-100,10
-59,-100,-63,-100,-100,-53,-67,-100,-100,-100,-100,-100,-100,-100,-100,-100,-100,-100,-100,7
-38,-100,-50,-100,-100,-68,-60,-100,-100,-100,-100,-100,-100,-100,-81,-100,-100,-100,-100,9
-58,-100,-54,-100,-100,-68,-100,-46,-100,-100,-78,-100,-64,-58,-100,-100,-100,-100,-100,11
-55,-77,-64,-100,-100,-59,-100,-100,-100,-100,-100,-100,-100,-100,-100,-100,-100,-100,-100,7
-67,-83,-63,-73,-100,-64,-74,-100,-100,-100,-100,-100,-100,-100,-100,-100,-100,-100,-100,6
-62,-100,-53,-100,-100,-100,-55,-100,-100,-100,-100,-100,-100,-68,-69,-100,-100,-100,-100,11
-64,-100,-60,-100,-100,-100,-100,-100,-100,-100,-100,-47,-71,-100,-100,-100,-100,-100,-100,12
-59,-100,-58,-100,-100,-100,-100,-100,-100,-100,-100,-55,-100,-100,-100,-100,-100,-100,-100,13
-72,-81,-74,-100,-100,-71,-100,-100,-100,-100,-100,-100,-100,-100,-100,-100,-88,-100,-100,6
-47,-88,-46,-61,-100,-100,-60,-100,-100,-100,-59,-100,-100,-100,-76,-100,-100,-100,-100,9
-51,-100,-49,-100,-100,-61,-100,-59,-100,-100,-57,-100,-100,-100,-72,-100,-100,-100,-100,10
-56,-100,-43,-100,-100,-66,-100,-52,-100,-100,-100,-68,-100,-64,-70,-100,-100,-100,-100,10
-69,-100,-54,-100,-100,-77,-100,-100,-100,-100,-100,-55,-100,-100,-100,-100,-100,-100,-100,12
-72,-100,-68,-100,-79,-63,-100,-100,-83,-100,-100,-100,-100,-100,-100,-100,-100,-100,-100,6
-67,-100,-48,-100,-100,-64,-100,-100,-100,-100,-100,-74,-100,-50,-100,-100,-100,-100,-100,10
-64,-100,-65,-100,-100,-39,-100,-100,-66,-81,-75,-100,-100,-100,-100,-56,-100,-100,-100,5
-71,-74,-65,-100,-74,-64,-100,-78,-100,-100,-75,-100,-100,-100,-100,-81,-100,-100,-100,8
-65,-79,-68,-67,-100,-62,-100,-100,-100,-100,-70,-100,-100,-100,-100,-83,-100,-100,-100,8
-71,-100,-60,-100,-100,-86,-100,-100,-100,-100,-100,-51,-74,-100,-100,-100,-100,-100,-100,12
-46,-100,-44,-67,-100,-63,-66,-67,-100,-100,-62,-100,-100,-67,-100,-100,-100,-100,-100,9
-60,-100,-59,-100,-69,-46,-100,-100,-100,-100,-100,-100,-100,-100,-100,-100,-100,-100,-100,7
-70,-100,-67,-70,-68,-44,-70,-100,-72,-100,-71,-100,-100,-82,-91,-78,-100,-100,-100,5
-72,-100,-57,-100,-100,-100,-100,-100,-100,-100,-100,-50,-70,-100,-100,-100,-100,-100,-100,12
-62,-100,-52,-45,-100,-59,-100,-100,-100,-100,-48,-100,-100,-64,-100,-100,-100,-100,-100,11
-47,-100,-44,-59,-100,-47,-57,-100,-100,-100,-60,-69,-100,-100,-100,-100,-100,-100,-100,9
-67,-100,-69,-100,-75,-60,-100,-100,-78,-100,-100,-100,-100,-100,-100,-100,-100,-100,-100,6
-65,-74,-54,-100,-65,-48,-100,-100,-100,-85,-100,-100,-100,-100,-100,-100,-100,-100,-100,7
